{
    "Diff AVG": 0.2477668389207096,
    "Diff BASE": 5890.717587803505,
    "Diff MAX": 0.37169162060711153,
    "Diff MIN": 0.0,
    "Duration": "0 H 0 M 18 S 794 MS",
    "End AVG": 0.2477668389207096,
    "End BASE": 117562.71758791155,
    "End MAX": 0.37169162060711153,
    "End MIN": 0.0,
    "End Time": "17426707289242932",
    "Start AVG": 0.0,
    "Start BASE": 111672.00000010805,
    "Start MAX": 0.0,
    "Start MIN": 0.0,
    "Start Time": "17426707101295698",
    "Water": 9910.673556828357
}
