{
    "Diff AVG": 0.296077431258295,
    "Diff BASE": 1781.464662278002,
    "Diff MAX": 0.31547867400036095,
    "Diff MIN": 0.2932643535595396,
    "Duration": "0 H 0 M 0 S 821 MS",
    "End AVG": 0.296077431258295,
    "End BASE": 29699.464662275648,
    "End MAX": 0.31547867400036095,
    "End MIN": 0.2932643535595396,
    "End Time": "17426700671349036",
    "Start AVG": 0.0,
    "Start BASE": 27917.999999997646,
    "Start MAX": 0.0,
    "Start MIN": 0.0,
    "Start Time": "17426700663135296",
    "Water": 2960.774312582945
}
