{
    "Diff AVG": 0.28350417817828627,
    "Diff BASE": 813.3295169817029,
    "Diff MAX": 0.579817868082248,
    "Diff MIN": 0.00021362956633198037,
    "Duration": "0 H 0 M 5 S 629 MS",
    "End AVG": 0.3533930074882626,
    "End BASE": 29438.964602498083,
    "End MAX": 0.7198093228995948,
    "End MIN": 0.0002264473403118992,
    "End Time": "17426712279923444",
    "Start AVG": 0.06988882930997631,
    "Start BASE": 28625.63508551638,
    "Start MAX": 0.13999145481734673,
    "Start MIN": 1.2817773979918822e-05,
    "Start Time": "17426712223626299",
    "Water": 2835.041781782868
}
