{
    "Diff AVG": 0.2524748623042597,
    "Diff BASE": 1678.134025868454,
    "Diff MAX": 0.3164527052907816,
    "Diff MIN": 0.12692251652216663,
    "Duration": "0 H 0 M 0 S 780 MS",
    "End AVG": 0.2524748623042597,
    "End BASE": 29596.1340258661,
    "End MAX": 0.3164527052907816,
    "End MIN": 0.12692251652216663,
    "End Time": "17426704600554694",
    "Start AVG": 0.0,
    "Start BASE": 27917.999999997646,
    "Start MAX": 0.0,
    "Start MIN": 0.0,
    "Start Time": "17426704592749246",
    "Water": 2524.7486230425898
}
