{
    "Diff AVG": 0.29557847537872645,
    "Diff BASE": 7125.757622672332,
    "Diff MAX": 0.3159549668450565,
    "Diff MIN": 0.2922832543070185,
    "Duration": "0 H 0 M 1 S 814 MS",
    "End AVG": 0.29557847537872645,
    "End BASE": 118797.75762278038,
    "End MAX": 0.3159549668450565,
    "End MIN": 0.2922832543070185,
    "End Time": "17426706205929246",
    "Start AVG": 0.0,
    "Start BASE": 111672.00000010805,
    "Start MAX": 0.0,
    "Start MIN": 0.0,
    "Start Time": "17426706187782270",
    "Water": 11823.139015149007
}
