{
    "Diff AVG": 0.2520296104870906,
    "Diff BASE": 1678.0436599298664,
    "Diff MAX": 0.3154762793009865,
    "Diff MIN": 0.12684048507222412,
    "Duration": "0 H 0 M 0 S 899 MS",
    "End AVG": 0.2520296104870906,
    "End BASE": 29596.043659927513,
    "End MAX": 0.3154762793009865,
    "End MIN": 0.12684048507222412,
    "End Time": "17426703709778329",
    "Start AVG": 0.0,
    "Start BASE": 27917.999999997646,
    "Start MAX": 0.0,
    "Start MIN": 0.0,
    "Start Time": "17426703700787665",
    "Water": 2520.296104870903
}
