{
    "Diff AVG": 0.29036971161222735,
    "Diff BASE": 859.5724744139807,
    "Diff MAX": 0.4739854960459261,
    "Diff MIN": 0.21477645850626378,
    "Duration": "0 H 0 M 7 S 992 MS",
    "End AVG": 0.36025854092220366,
    "End BASE": 29485.20755993036,
    "End MAX": 0.6139769508632729,
    "End MIN": 0.2147892762802437,
    "End Time": "17426711103993421",
    "Start AVG": 0.06988882930997631,
    "Start BASE": 28625.63508551638,
    "Start MAX": 0.13999145481734673,
    "Start MIN": 1.2817773979918822e-05,
    "Start Time": "17426711024069247",
    "Water": 2903.6971161222828
}
