{
    "Diff AVG": 0.2955913521613449,
    "Diff BASE": 7125.759638565287,
    "Diff MAX": 0.31591883971272877,
    "Diff MIN": 0.2922793644059239,
    "Duration": "0 H 0 M 2 S 330 MS",
    "End AVG": 0.2955913521613449,
    "End BASE": 118797.75963867333,
    "End MAX": 0.31591883971272877,
    "End MIN": 0.2922793644059239,
    "End Time": "17426706042060724",
    "Start AVG": 0.0,
    "Start BASE": 111672.00000010805,
    "Start MAX": 0.0,
    "Start MIN": 0.0,
    "Start Time": "17426706018756923",
    "Water": 11823.654086453855
}
