{
    "Diff AVG": 0.0007292038357771813,
    "Diff BASE": 1615.084817595256,
    "Diff MAX": 0.0,
    "Diff MIN": 0.0019171881988478412,
    "Duration": "0 H 0 M 2 S 137 MS",
    "End AVG": 0.3511588433325818,
    "End BASE": 29533.084817592902,
    "End MAX": 0.590810464435106,
    "End MIN": 0.28446184692823107,
    "End Time": "17426710543806498",
    "Start AVG": 0.3504296394968046,
    "Start BASE": 27917.999999997646,
    "Start MAX": 0.590810464435106,
    "Start MIN": 0.2825446587293832,
    "Start Time": "17426710522429829",
    "Water": 7.292038357771254
}
