{
    "Diff AVG": 0.43903203396350393,
    "Diff BASE": 1365.2512837392896,
    "Diff MAX": 0.5567726293920402,
    "Diff MIN": 0.2840609132923922,
    "Duration": "0 H 0 M 2 S 853 MS",
    "End AVG": 0.43903203396350393,
    "End BASE": 29283.251283736936,
    "End MAX": 0.5567726293920402,
    "End MIN": 0.2840609132923922,
    "End Time": "17426705458828658",
    "Start AVG": 0.0,
    "Start BASE": 27917.999999997646,
    "Start MAX": 0.0,
    "Start MIN": 0.0,
    "Start Time": "17426705430292063",
    "Water": 4390.320339635026
}
