{
    "Diff AVG": 0.25216894412967783,
    "Diff BASE": 1677.997994207628,
    "Diff MAX": 0.3164794709601916,
    "Diff MIN": 0.12679297810124285,
    "Duration": "0 H 0 M 0 S 761 MS",
    "End AVG": 0.25216894412967783,
    "End BASE": 29595.997994205274,
    "End MAX": 0.3164794709601916,
    "End MIN": 0.12679297810124285,
    "End Time": "17426704059932723",
    "Start AVG": 0.0,
    "Start BASE": 27917.999999997646,
    "Start MAX": 0.0,
    "Start MIN": 0.0,
    "Start Time": "17426704052318354",
    "Water": 2521.689441296786
}
