{
    "Diff AVG": 0.4639727917478189,
    "Diff BASE": -475.8770323924691,
    "Diff MAX": 0.9718177357820409,
    "Diff MIN": 0.2994881180937018,
    "Duration": "0 H 0 M 0 S 734 MS",
    "End AVG": 0.5338616210577952,
    "End BASE": 28149.75805312391,
    "End MAX": 1.1118091905993877,
    "End MIN": 0.29950093586768173,
    "End Time": "17426712024769991",
    "Start AVG": 0.06988882930997631,
    "Start BASE": 28625.63508551638,
    "Start MAX": 0.13999145481734673,
    "Start MIN": 1.2817773979918822e-05,
    "Start Time": "17426712017426167",
    "Water": 4639.727917478209
}
