{
    "Diff AVG": 0.3504296394968046,
    "Diff BASE": 1615.5165239022172,
    "Diff MAX": 0.590810464435106,
    "Diff MIN": 0.2825446587293832,
    "Duration": "0 H 0 M 9 S 75 MS",
    "End AVG": 0.3504296394968046,
    "End BASE": 29533.516523899863,
    "End MAX": 0.590810464435106,
    "End MIN": 0.2825446587293832,
    "End Time": "17426710514342155",
    "Start AVG": 0.0,
    "Start BASE": 27917.999999997646,
    "Start MAX": 0.0,
    "Start MIN": 0.0,
    "Start Time": "17426710423584900",
    "Water": 3504.29639496805
}
