{
    "Diff AVG": 0.29607742340961996,
    "Diff BASE": 1781.4646620782514,
    "Diff MAX": 0.315478659029174,
    "Diff MIN": 0.2932643259771339,
    "Duration": "0 H 0 M 0 S 854 MS",
    "End AVG": 0.29607742340961996,
    "End BASE": 29699.464662075898,
    "End MAX": 0.315478659029174,
    "End MIN": 0.2932643259771339,
    "End Time": "17426700611614209",
    "Start AVG": 0.0,
    "Start BASE": 27917.999999997646,
    "Start MAX": 0.0,
    "Start MIN": 0.0,
    "Start Time": "17426700603074041",
    "Water": 2960.7742340962163
}
