{
    "Diff AVG": 0.4358883984172703,
    "Diff BASE": 1382.750948059227,
    "Diff MAX": 0.5561378227255901,
    "Diff MIN": 0.28829893119473166,
    "Duration": "0 H 0 M 1 S 808 MS",
    "End AVG": 0.4358883984172703,
    "End BASE": 29300.750948056873,
    "End MAX": 0.5561378227255901,
    "End MIN": 0.28829893119473166,
    "End Time": "17426704743113379",
    "Start AVG": 0.0,
    "Start BASE": 27917.999999997646,
    "Start MAX": 0.0,
    "Start MIN": 0.0,
    "Start Time": "17426704725023574",
    "Water": 4358.883984172694
}
