{
    "Diff AVG": 0.07374046749181903,
    "Diff BASE": 13732.500379971229,
    "Diff MAX": 0.24663841334515968,
    "Diff MIN": 0.0,
    "Duration": "0 H 0 M 7 S 394 MS",
    "End AVG": 0.14362706879495818,
    "End BASE": 1167240.9388626036,
    "End MAX": 0.3866384133451597,
    "End MIN": 0.0,
    "End Time": "17426715834251646",
    "Start AVG": 0.06988660130313915,
    "Start BASE": 1153508.4384826324,
    "Start MAX": 0.14,
    "Start MIN": 0.0,
    "Start Time": "17426715760303010",
    "Water": 29496.18699673028
}
