{
    "Diff AVG": 0.2960819343290139,
    "Diff BASE": 1781.4647882887257,
    "Diff MAX": 0.3155666855692536,
    "Diff MIN": 0.2932652087663456,
    "Duration": "0 H 0 M 0 S 776 MS",
    "End AVG": 0.2960819343290139,
    "End BASE": 29699.464788286372,
    "End MAX": 0.3155666855692536,
    "End MIN": 0.2932652087663456,
    "End Time": "17426705093865215",
    "Start AVG": 0.0,
    "Start BASE": 27917.999999997646,
    "Start MAX": 0.0,
    "Start MIN": 0.0,
    "Start Time": "17426705086095918",
    "Water": 2960.8193432901517
}
