{
    "Diff AVG": 0.31725467016270814,
    "Diff BASE": 1769.5065513447516,
    "Diff MAX": 0.38547882580894427,
    "Diff MIN": 0.2994185438406499,
    "Duration": "0 H 0 M 0 S 775 MS",
    "End AVG": 0.31725467016270814,
    "End BASE": 29687.506551342398,
    "End MAX": 0.38547882580894427,
    "End MIN": 0.2994185438406499,
    "End Time": "17426705060148783",
    "Start AVG": 0.0,
    "Start BASE": 27917.999999997646,
    "Start MAX": 0.0,
    "Start MIN": 0.0,
    "Start Time": "17426705052393340",
    "Water": 3172.5467016270945
}
