{
    "Diff AVG": 0.45627414638576386,
    "Diff BASE": 841.4117544327237,
    "Diff MAX": 0.9906128650279286,
    "Diff MIN": 0.29329215663046054,
    "Duration": "0 H 0 M 0 S 746 MS",
    "End AVG": 0.45627414638576386,
    "End BASE": 28759.41175443037,
    "End MAX": 0.9906128650279286,
    "End MIN": 0.29329215663046054,
    "End Time": "17426704973291186",
    "Start AVG": 0.0,
    "Start BASE": 27917.999999997646,
    "Start MAX": 0.0,
    "Start MIN": 0.0,
    "Start Time": "17426704965822655",
    "Water": 4562.7414638576165
}
