{
    "Diff AVG": 0.293324107386985,
    "Diff BASE": 784.5109394900501,
    "Diff MAX": 0.5496607343254963,
    "Diff MIN": 0.00021362956633198037,
    "Duration": "0 H 0 M 3 S 807 MS",
    "End AVG": 0.3632129366969613,
    "End BASE": 29410.14602500643,
    "End MAX": 0.6896521891428431,
    "End MIN": 0.0002264473403118992,
    "End Time": "17426711999944621",
    "Start AVG": 0.06988882930997631,
    "Start BASE": 28625.63508551638,
    "Start MAX": 0.13999145481734673,
    "Start MIN": 1.2817773979918822e-05,
    "Start Time": "17426711961869495",
    "Water": 2933.241073869851
}
