{
    "Diff AVG": 0.057317465535198835,
    "Diff BASE": 1390.6360508304642,
    "Diff MAX": 0.3064376476927657,
    "Diff MIN": 0.0,
    "Duration": "0 H 0 M 0 S 534 MS",
    "End AVG": 0.057317465535198835,
    "End BASE": 113062.63605093851,
    "End MAX": 0.3064376476927657,
    "End MIN": 0.0,
    "End Time": "17426705886447925",
    "Start AVG": 0.0,
    "Start BASE": 111672.00000010805,
    "Start MAX": 0.0,
    "Start MIN": 0.0,
    "Start Time": "17426705881103822",
    "Water": 2292.698621407964
}
