{
    "Diff AVG": 0.46417524589051073,
    "Diff BASE": -476.5083857692334,
    "Diff MAX": 0.9718177357820409,
    "Diff MIN": 0.3096242732519734,
    "Duration": "0 H 0 M 0 S 686 MS",
    "End AVG": 0.534064075200487,
    "End BASE": 28149.126699747147,
    "End MAX": 1.1118091905993877,
    "End MIN": 0.3096370910259533,
    "End Time": "17426711926691942",
    "Start AVG": 0.06988882930997631,
    "Start BASE": 28625.63508551638,
    "Start MAX": 0.13999145481734673,
    "Start MIN": 1.2817773979918822e-05,
    "Start Time": "17426711919831580",
    "Water": 4641.752458905122
}
