{
    "Diff AVG": 0.02445294023203566,
    "Diff BASE": 104.14402763691396,
    "Diff MAX": 0.27102438610211665,
    "Diff MIN": 0.0,
    "Duration": "0 H 0 M 0 S 767 MS",
    "End AVG": 0.09434176954201197,
    "End BASE": 28729.779113153294,
    "End MAX": 0.4110158409194634,
    "End MIN": 1.2817773979918822e-05,
    "End Time": "17426714997939256",
    "Start AVG": 0.06988882930997631,
    "Start BASE": 28625.63508551638,
    "Start MAX": 0.13999145481734673,
    "Start MIN": 1.2817773979918822e-05,
    "Start Time": "17426714990259475",
    "Water": 244.5294023203596
}
