{
    "Diff AVG": 0.0,
    "Diff BASE": 1781.464669702862,
    "Diff MAX": 0.0,
    "Diff MIN": 0.0,
    "Duration": "0 H 0 M 0 S 698 MS",
    "End AVG": 0.29607764657134295,
    "End BASE": 29699.46466970051,
    "End MAX": 0.31547867400036095,
    "End MIN": 0.2932643535595396,
    "End Time": "17426701015143236",
    "Start AVG": 0.29607764657134295,
    "Start BASE": 27917.999999997646,
    "Start MAX": 0.31547867400036095,
    "Start MIN": 0.2932643535595396,
    "Start Time": "17426701008158726",
    "Water": 2.1839947366734567e-14
}
