{
    "Diff AVG": 0.310399174344196,
    "Diff BASE": 1774.9753079609327,
    "Diff MAX": 0.3840905791969944,
    "Diff MIN": 0.2893363321255201,
    "Duration": "0 H 0 M 1 S 212 MS",
    "End AVG": 0.310399174344196,
    "End BASE": 29692.97530795858,
    "End MAX": 0.3840905791969944,
    "End MIN": 0.2893363321255201,
    "End Time": "17426694962441484",
    "Start AVG": 0.0,
    "Start BASE": 27917.999999997646,
    "Start MAX": 0.0,
    "Start MIN": 0.0,
    "Start Time": "17426694950317916",
    "Water": 3103.991743441951
}
