{
    "Diff AVG": 0.15908528114180046,
    "Diff BASE": 3070.50871137825,
    "Diff MAX": 0.3154762793009865,
    "Diff MIN": 0.0,
    "Duration": "0 H 0 M 0 S 850 MS",
    "End AVG": 0.15908528114180046,
    "End BASE": 72865.50871138257,
    "End MAX": 0.3154762793009865,
    "End MIN": 0.0,
    "End Time": "17426704300515443",
    "Start AVG": 0.0,
    "Start BASE": 69795.00000000432,
    "Start MAX": 0.0,
    "Start MIN": 0.0,
    "Start Time": "17426704292011072",
    "Water": 3977.132028545017
}
