{
    "Diff AVG": 2.153130479465304e-07,
    "Diff BASE": 1781.464669702862,
    "Diff MAX": 0.0,
    "Diff MIN": 0.0,
    "Duration": "0 H 0 M 0 S 710 MS",
    "End AVG": 0.29607764657134295,
    "End BASE": 29699.46466970051,
    "End MAX": 0.31547867400036095,
    "End MIN": 0.2932643535595396,
    "End Time": "17426700962161326",
    "Start AVG": 0.296077431258295,
    "Start BASE": 27917.999999997646,
    "Start MAX": 0.31547867400036095,
    "Start MIN": 0.2932643535595396,
    "Start Time": "17426700955057951",
    "Water": 0.00215313048757889
}
