{
    "Diff AVG": 0.21647738932042065,
    "Diff BASE": 995.4360920667059,
    "Diff MAX": 0.28930128319340054,
    "Diff MIN": 0.0001623584704123051,
    "Duration": "0 H 0 M 0 S 941 MS",
    "End AVG": 0.28636621863039696,
    "End BASE": 29621.071177583086,
    "End MAX": 0.4292927380107473,
    "End MIN": 0.0001751762443922239,
    "End Time": "17426712729847442",
    "Start AVG": 0.06988882930997631,
    "Start BASE": 28625.63508551638,
    "Start MAX": 0.13999145481734673,
    "Start MIN": 1.2817773979918822e-05,
    "Start Time": "17426712720437368",
    "Water": 2164.773893204204
}
