{
    "Diff AVG": 0.17007720828317957,
    "Diff BASE": 1309.996742762538,
    "Diff MAX": 0.3184422347487824,
    "Diff MIN": 0.06158090026609684,
    "Duration": "0 H 0 M 0 S 828 MS",
    "End AVG": 0.17007720828317957,
    "End BASE": 29227.996742760184,
    "End MAX": 0.3184422347487824,
    "End MIN": 0.06158090026609684,
    "End Time": "17426702120873178",
    "Start AVG": 0.0,
    "Start BASE": 27917.999999997646,
    "Start MAX": 0.0,
    "Start MIN": 0.0,
    "Start Time": "17426702112588493",
    "Water": 1700.7720828317943
}
