{
    "Diff AVG": 0.2624632336358413,
    "Diff BASE": 1635.1311892525737,
    "Diff MAX": 0.3807042248648473,
    "Diff MIN": 0.12338350915833908,
    "Duration": "0 H 0 M 0 S 673 MS",
    "End AVG": 0.2624632336358413,
    "End BASE": 29553.13118925022,
    "End MAX": 0.3807042248648473,
    "End MIN": 0.12338350915833908,
    "End Time": "17426703821204194",
    "Start AVG": 0.0,
    "Start BASE": 27917.999999997646,
    "Start MAX": 0.0,
    "Start MIN": 0.0,
    "Start Time": "17426703814466544",
    "Water": 2624.6323363584106
}
