{
    "Diff AVG": 0.22620464390405398,
    "Diff BASE": 1041.9342175345955,
    "Diff MAX": 0.241409144707418,
    "Diff MIN": 0.21562388437117908,
    "Duration": "0 H 0 M 0 S 820 MS",
    "End AVG": 0.2960934732140303,
    "End BASE": 29667.569303050976,
    "End MAX": 0.38140059952476474,
    "End MIN": 0.21563670214515898,
    "End Time": "17426711461960794",
    "Start AVG": 0.06988882930997631,
    "Start BASE": 28625.63508551638,
    "Start MAX": 0.13999145481734673,
    "Start MIN": 1.2817773979918822e-05,
    "Start Time": "17426711453758309",
    "Water": 2262.0464390405414
}
