{
    "Diff AVG": 0.27581194474120946,
    "Diff BASE": 859.2015913070973,
    "Diff MAX": 0.48625302358777434,
    "Diff MIN": 0.00021362956633198037,
    "Duration": "0 H 0 M 21 S 927 MS",
    "End AVG": 0.34570077405118577,
    "End BASE": 29484.836676823477,
    "End MAX": 0.6262444784051211,
    "End MIN": 0.0002264473403118992,
    "End Time": "17426711734059485",
    "Start AVG": 0.06988882930997631,
    "Start BASE": 28625.63508551638,
    "Start MAX": 0.13999145481734673,
    "Start MIN": 1.2817773979918822e-05,
    "Start Time": "17426711514786375",
    "Water": 2758.119447412107
}
