{
    "Diff AVG": 0.2928123614295125,
    "Diff BASE": 1781.1294546587087,
    "Diff MAX": 0.31365953067256214,
    "Diff MIN": 0.2891591172275282,
    "Duration": "0 H 0 M 0 S 981 MS",
    "End AVG": 0.2928123614295125,
    "End BASE": 29699.129454656355,
    "End MAX": 0.31365953067256214,
    "End MIN": 0.2891591172275282,
    "End Time": "17426705504779748",
    "Start AVG": 0.0,
    "Start BASE": 27917.999999997646,
    "Start MAX": 0.0,
    "Start MIN": 0.0,
    "Start Time": "17426705494963382",
    "Water": 2928.1236142951193
}
