{
    "Diff AVG": 0.31418416700260554,
    "Diff BASE": 1775.1229109542692,
    "Diff MAX": 0.3400055658812071,
    "Diff MIN": 0.2986937868710865,
    "Duration": "0 H 0 M 14 S 195 MS",
    "End AVG": 0.31418416700260554,
    "End BASE": 29693.122910951915,
    "End MAX": 0.3400055658812071,
    "End MIN": 0.2986937868710865,
    "End Time": "17426701526397536",
    "Start AVG": 0.0,
    "Start BASE": 27917.999999997646,
    "Start MAX": 0.0,
    "Start MIN": 0.0,
    "Start Time": "17426701384439149",
    "Water": 3141.8416700260327
}
