{
    "Diff AVG": 0.2961834406368577,
    "Diff BASE": 1781.4676422578596,
    "Diff MAX": 0.31591883971272877,
    "Diff MIN": 0.2932772625473828,
    "Duration": "0 H 0 M 1 S 1 MS",
    "End AVG": 0.2961834406368577,
    "End BASE": 29699.467642255506,
    "End MAX": 0.31591883971272877,
    "End MIN": 0.2932772625473828,
    "End Time": "17426705724751256",
    "Start AVG": 0.0,
    "Start BASE": 27917.999999997646,
    "Start MAX": 0.0,
    "Start MIN": 0.0,
    "Start Time": "17426705714738738",
    "Water": 2961.834406368578
}
