{
    "Diff AVG": 0.2542788228586648,
    "Diff BASE": 15564.724722724233,
    "Diff MAX": 0.5597338187762873,
    "Diff MIN": 0.1006907021471782,
    "Duration": "0 H 0 M 3 S 521 MS",
    "End AVG": 0.2542788228586648,
    "End BASE": 294744.7247232472,
    "End MAX": 0.5597338187762873,
    "End MIN": 0.1006907021471782,
    "End Time": "17426704201480080",
    "Start AVG": 0.0,
    "Start BASE": 279180.00000052294,
    "Start MAX": 0.0,
    "Start MIN": 0.0,
    "Start Time": "17426704166269055",
    "Water": 25427.882285866337
}
