{
    "Diff AVG": 0.4284192865886965,
    "Diff BASE": -377.53497751754185,
    "Diff MAX": 0.9718177357820409,
    "Diff MIN": 0.22504450714396396,
    "Duration": "0 H 0 M 0 S 758 MS",
    "End AVG": 0.4983081158986728,
    "End BASE": 28248.10010799884,
    "End MAX": 1.1118091905993877,
    "End MIN": 0.22505732491794386,
    "End Time": "17426712467181920",
    "Start AVG": 0.06988882930997631,
    "Start BASE": 28625.63508551638,
    "Start MAX": 0.13999145481734673,
    "Start MIN": 1.2817773979918822e-05,
    "Start Time": "17426712459596503",
    "Water": 4284.1928658869565
}
