{
    "Diff AVG": 0.29118865566695923,
    "Diff BASE": 792.7057807725032,
    "Diff MAX": 0.4946584684365377,
    "Diff MIN": 0.00011963255714590902,
    "Duration": "0 H 0 M 13 S 701 MS",
    "End AVG": 0.36107748497693554,
    "End BASE": 29418.340866288883,
    "End MAX": 0.6346499232538845,
    "End MIN": 0.00013245033112582784,
    "End Time": "17426712702685817",
    "Start AVG": 0.06988882930997631,
    "Start BASE": 28625.63508551638,
    "Start MAX": 0.13999145481734673,
    "Start MIN": 1.2817773979918822e-05,
    "Start Time": "17426712565668212",
    "Water": 2911.886556669602
}
