{
    "Diff AVG": 0.29607734572419864,
    "Diff BASE": 1781.4646596468483,
    "Diff MAX": 0.3154773559489778,
    "Diff MIN": 0.2932641019766006,
    "Duration": "0 H 0 M 0 S 829 MS",
    "End AVG": 0.29607734572419864,
    "End BASE": 29699.464659644495,
    "End MAX": 0.3154773559489778,
    "End MIN": 0.2932641019766006,
    "End Time": "17426701632562196",
    "Start AVG": 0.0,
    "Start BASE": 27917.999999997646,
    "Start MAX": 0.0,
    "Start MIN": 0.0,
    "Start Time": "17426701624266920",
    "Water": 2960.773457242016
}
