{
    "Diff AVG": 0.29555538281396443,
    "Diff BASE": 7125.754845911841,
    "Diff MAX": 0.31547637684135355,
    "Diff MIN": 0.29228041186076503,
    "Duration": "0 H 0 M 1 S 826 MS",
    "End AVG": 0.29555538281396443,
    "End BASE": 118797.75484601989,
    "End MAX": 0.31547637684135355,
    "End MIN": 0.29228041186076503,
    "End Time": "17426706273629355",
    "Start AVG": 0.0,
    "Start BASE": 111672.00000010805,
    "Start MAX": 0.0,
    "Start MIN": 0.0,
    "Start Time": "17426706255364326",
    "Water": 11822.215312558485
}
