{
    "Diff AVG": 0.2955894793239119,
    "Diff BASE": 7125.7591025450965,
    "Diff MAX": 0.3159265624107937,
    "Diff MIN": 0.29227957816105093,
    "Duration": "0 H 0 M 2 S 160 MS",
    "End AVG": 0.2955894793239119,
    "End BASE": 118797.75910265314,
    "End MAX": 0.3159265624107937,
    "End MIN": 0.29227957816105093,
    "End Time": "17426706129367637",
    "Start AVG": 0.0,
    "Start BASE": 111672.00000010805,
    "Start MAX": 0.0,
    "Start MIN": 0.0,
    "Start Time": "17426706107761948",
    "Water": 11823.579172956515
}
