{
    "Diff AVG": 0.31514734881945017,
    "Diff BASE": 1733.4410085572235,
    "Diff MAX": 0.5574226822540238,
    "Diff MIN": 0.2859362497946441,
    "Duration": "0 H 0 M 14 S 97 MS",
    "End AVG": 0.31514734881945017,
    "End BASE": 29651.44100855487,
    "End MAX": 0.5574226822540238,
    "End MIN": 0.2859362497946441,
    "End Time": "17426698069869153",
    "Start AVG": 0.0,
    "Start BASE": 27917.999999997646,
    "Start MAX": 0.0,
    "Start MIN": 0.0,
    "Start Time": "17426697928893854",
    "Water": 3151.4734881945055
}
