{
    "Diff AVG": 0.296092618408497,
    "Diff BASE": 1781.465247848675,
    "Diff MAX": 0.3154854112171389,
    "Diff MIN": 0.2933256441410962,
    "Duration": "0 H 0 M 1 S 429 MS",
    "End AVG": 0.296092618408497,
    "End BASE": 29699.46524784632,
    "End MAX": 0.3154854112171389,
    "End MIN": 0.2933256441410962,
    "End Time": "17426701308468877",
    "Start AVG": 0.0,
    "Start BASE": 27917.999999997646,
    "Start MAX": 0.0,
    "Start MIN": 0.0,
    "Start Time": "17426701294171077",
    "Water": 2960.92618408498
}
