{
    "Diff AVG": 0.2960773291139023,
    "Diff BASE": 1781.4646591069868,
    "Diff MAX": 0.3154766736080495,
    "Diff MIN": 0.2932639670456588,
    "Duration": "0 H 0 M 0 S 891 MS",
    "End AVG": 0.2960773291139023,
    "End BASE": 29699.464659104633,
    "End MAX": 0.3154766736080495,
    "End MIN": 0.2932639670456588,
    "End Time": "17426701686561556",
    "Start AVG": 0.0,
    "Start BASE": 27917.999999997646,
    "Start MAX": 0.0,
    "Start MIN": 0.0,
    "Start Time": "17426701677646399",
    "Water": 2960.7732911390326
}
