{
    "Diff AVG": 0.33523421280081445,
    "Diff BASE": 605.965379812762,
    "Diff MAX": 0.556850748326675,
    "Diff MIN": 0.2194487925792362,
    "Duration": "0 H 0 M 2 S 381 MS",
    "End AVG": 0.40512304211079075,
    "End BASE": 29231.600465329142,
    "End MAX": 0.6968422031440218,
    "End MIN": 0.2194616103532161,
    "End Time": "17426711898180977",
    "Start AVG": 0.06988882930997631,
    "Start BASE": 28625.63508551638,
    "Start MAX": 0.13999145481734673,
    "Start MIN": 1.2817773979918822e-05,
    "Start Time": "17426711874366972",
    "Water": 3352.3421280081416
}
