{
    "Diff AVG": 0.0,
    "Diff BASE": 0.0,
    "Diff MAX": 0.0,
    "Diff MIN": 0.0,
    "Duration": "0 H 0 M 14 S 805 MS",
    "End AVG": 0.0,
    "End BASE": 27917.999999997646,
    "End MAX": 0.0,
    "End MIN": 0.0,
    "End Time": "17426703996592966",
    "Start AVG": 0.0,
    "Start BASE": 27917.999999997646,
    "Start MAX": 0.0,
    "Start MIN": 0.0,
    "Start Time": "17426703848535015",
    "Water": 0.0
}
