{
    "Diff AVG": 0.226204624615291,
    "Diff BASE": 1041.934216697453,
    "Diff MAX": 0.24140918284114352,
    "Diff MIN": 0.21562404117932463,
    "Duration": "0 H 0 M 3 S 694 MS",
    "End AVG": 0.2960934539252673,
    "End BASE": 29667.569302213833,
    "End MAX": 0.38140063765849025,
    "End MIN": 0.21563685895330453,
    "End Time": "17426714238367583",
    "Start AVG": 0.06988882930997631,
    "Start BASE": 28625.63508551638,
    "Start MAX": 0.13999145481734673,
    "Start MIN": 1.2817773979918822e-05,
    "Start Time": "17426714201417706",
    "Water": 2262.046246152921
}
