{
    "Diff AVG": 0.250455397813858,
    "Diff BASE": 1677.4309062940265,
    "Diff MAX": 0.31322138218467077,
    "Diff MIN": 0.12664573715540606,
    "Duration": "0 H 0 M 0 S 791 MS",
    "End AVG": 0.250455397813858,
    "End BASE": 29595.430906291673,
    "End MAX": 0.31322138218467077,
    "End MIN": 0.12664573715540606,
    "End Time": "17426704640589024",
    "Start AVG": 0.0,
    "Start BASE": 27917.999999997646,
    "Start MAX": 0.0,
    "Start MIN": 0.0,
    "Start Time": "17426704632676559",
    "Water": 2504.5539781385864
}
