{
    "Diff AVG": 0.29609822126892765,
    "Diff BASE": 1781.4654610947364,
    "Diff MAX": 0.31548534090521574,
    "Diff MIN": 0.29334729982054636,
    "Duration": "0 H 0 M 0 S 922 MS",
    "End AVG": 0.29609822126892765,
    "End BASE": 29699.465461092383,
    "End MAX": 0.31548534090521574,
    "End MIN": 0.29334729982054636,
    "End Time": "17426701754912616",
    "Start AVG": 0.0,
    "Start BASE": 27917.999999997646,
    "Start MAX": 0.0,
    "Start MIN": 0.0,
    "Start Time": "17426701745692169",
    "Water": 2960.9822126892655
}
