{
    "Diff AVG": 0.2856874816654148,
    "Diff BASE": 14865.10349668836,
    "Diff MAX": 0.5601715515774749,
    "Diff MIN": 0.0,
    "Duration": "0 H 0 M 6 S 175 MS",
    "End AVG": 0.2856874816654148,
    "End BASE": 294045.1034972113,
    "End MAX": 0.5601715515774749,
    "End MIN": 0.0,
    "End Time": "17426705655790766",
    "Start AVG": 0.0,
    "Start BASE": 279180.00000052294,
    "Start MAX": 0.0,
    "Start MIN": 0.0,
    "Start Time": "17426705594034405",
    "Water": 28568.74816654102
}
