{
    "Diff AVG": 0.00023147183557942208,
    "Diff BASE": 859.5952669236503,
    "Diff MAX": 0.0,
    "Diff MIN": 0.0037844515528969724,
    "Duration": "0 H 0 M 1 S 627 MS",
    "End AVG": 0.3604900127577831,
    "End BASE": 29485.23035244003,
    "End MAX": 0.6139769508632729,
    "End MIN": 0.21857372783314066,
    "End Time": "17426710848757087",
    "Start AVG": 0.36025854092220366,
    "Start BASE": 28625.63508551638,
    "Start MAX": 0.6139769508632729,
    "Start MIN": 0.2147892762802437,
    "Start Time": "17426710832486471",
    "Water": 2.314718355795824
}
