{
    "Diff AVG": 0.14147109694348386,
    "Diff BASE": 26413.63875333639,
    "Diff MAX": 0.24664110360007896,
    "Diff MIN": 0.0,
    "Duration": "0 H 0 M 13 S 511 MS",
    "End AVG": 0.211357698246623,
    "End BASE": 1179922.0772359688,
    "End MAX": 0.386641103600079,
    "End MIN": 0.0,
    "End Time": "17426715662413587",
    "Start AVG": 0.06988660130313915,
    "Start BASE": 1153508.4384826324,
    "Start MAX": 0.14,
    "Start MIN": 0.0,
    "Start Time": "17426715527295891",
    "Water": 56588.438777391944
}
