{
    "Diff AVG": 0.1419168312163542,
    "Diff BASE": 26416.556817349978,
    "Diff MAX": 0.24709067722382944,
    "Diff MIN": 0.0,
    "Duration": "0 H 0 M 24 S 842 MS",
    "End AVG": 0.21180343251949335,
    "End BASE": 1179924.9952999824,
    "End MAX": 0.38709067722382945,
    "End MIN": 0.0,
    "End Time": "17426716140426794",
    "Start AVG": 0.06988660130313915,
    "Start BASE": 1153508.4384826324,
    "Start MAX": 0.14,
    "Start MIN": 0.0,
    "Start Time": "17426715892005060",
    "Water": 56766.73248653881
}
