{
    "Diff AVG": 0.2811360987750152,
    "Diff BASE": 857.3118983303066,
    "Diff MAX": 0.48625302358777434,
    "Diff MIN": 0.00021362956633198037,
    "Duration": "0 H 0 M 8 S 364 MS",
    "End AVG": 0.3510249280849915,
    "End BASE": 29482.946983846687,
    "End MAX": 0.6262444784051211,
    "End MIN": 0.0002264473403118992,
    "End Time": "17426713883565570",
    "Start AVG": 0.06988882930997631,
    "Start BASE": 28625.63508551638,
    "Start MAX": 0.13999145481734673,
    "Start MIN": 1.2817773979918822e-05,
    "Start Time": "17426713799916891",
    "Water": 2811.360987750146
}
