{
    "Diff AVG": 0.0,
    "Diff BASE": 1781.4678144924546,
    "Diff MAX": 0.0,
    "Diff MIN": 0.0,
    "Duration": "0 H 0 M 0 S 729 MS",
    "End AVG": 0.2962089638266258,
    "End BASE": 29699.4678144901,
    "End MAX": 0.3162475296756541,
    "End MIN": 0.29329561012663463,
    "End Time": "17420462976429371",
    "Start AVG": 0.2962089638266258,
    "Start BASE": 27917.999999997646,
    "Start MAX": 0.3162475296756541,
    "Start MIN": 0.29329561012663463,
    "Start Time": "17420462969139272",
    "Water": 0.0
}
