{
    "Diff AVG": 0.2773136070227967,
    "Diff BASE": 6611.855482732441,
    "Diff MAX": 0.38347423096938105,
    "Diff MIN": 0.0,
    "Duration": "0 H 0 M 3 S 22 MS",
    "End AVG": 0.2773136070227967,
    "End BASE": 118283.85548284049,
    "End MAX": 0.38347423096938105,
    "End MIN": 0.0,
    "End Time": "17426710092031001",
    "Start AVG": 0.0,
    "Start BASE": 111672.00000010805,
    "Start MAX": 0.0,
    "Start MIN": 0.0,
    "Start Time": "17426710061808492",
    "Water": 11092.544280911978
}
