{
    "Diff AVG": 0.14163404606212468,
    "Diff BASE": 26414.994992395863,
    "Diff MAX": 0.24663939270103297,
    "Diff MIN": 0.0,
    "Duration": "0 H 0 M 16 S 12 MS",
    "End AVG": 0.21152064736526383,
    "End BASE": 1179923.4334750283,
    "End MAX": 0.386639392701033,
    "End MIN": 0.0,
    "End Time": "17426717745844993",
    "Start AVG": 0.06988660130313915,
    "Start BASE": 1153508.4384826324,
    "Start MAX": 0.14,
    "Start MIN": 0.0,
    "Start Time": "17426717585720808",
    "Water": 56653.61842484763
}
