{
    "Diff AVG": 0.29607740756347306,
    "Diff BASE": 1781.4646616430837,
    "Diff MAX": 0.31547865939426045,
    "Diff MIN": 0.2932642399098558,
    "Duration": "0 H 0 M 0 S 800 MS",
    "End AVG": 0.29607740756347306,
    "End BASE": 29699.46466164073,
    "End MAX": 0.31547865939426045,
    "End MIN": 0.2932642399098558,
    "End Time": "17426710405276412",
    "Start AVG": 0.0,
    "Start BASE": 27917.999999997646,
    "Start MAX": 0.0,
    "Start MIN": 0.0,
    "Start Time": "17426710397272510",
    "Water": 2960.7740756347252
}
