{
    "Diff AVG": 0.3511968165838097,
    "Diff BASE": 1614.4323857499767,
    "Diff MAX": 0.590810464435106,
    "Diff MIN": 0.2825446587293832,
    "Duration": "0 H 0 M 12 S 482 MS",
    "End AVG": 0.3511968165838097,
    "End BASE": 29532.432385747623,
    "End MAX": 0.590810464435106,
    "End MIN": 0.2825446587293832,
    "End Time": "17426695581789707",
    "Start AVG": 0.0,
    "Start BASE": 27917.999999997646,
    "Start MAX": 0.0,
    "Start MIN": 0.0,
    "Start Time": "17426695456966917",
    "Water": 3511.968165838101
}
