{
    "Diff AVG": 0.1267208750284133,
    "Diff BASE": 25585.785907641053,
    "Diff MAX": 0.24686905211808963,
    "Diff MIN": 0.0,
    "Duration": "0 H 0 M 13 S 747 MS",
    "End AVG": 0.19660747633155246,
    "End BASE": 1179094.2243902734,
    "End MAX": 0.38686905211808964,
    "End MIN": 0.0,
    "End Time": "17426715278249939",
    "Start AVG": 0.06988660130313915,
    "Start BASE": 1153508.4384826324,
    "Start MAX": 0.14,
    "Start MIN": 0.0,
    "Start Time": "17426715140770423",
    "Water": 50688.35001136118
}
