{
    "Diff AVG": 0.4548670780881485,
    "Diff BASE": 842.843530065431,
    "Diff MAX": 0.9906128650279286,
    "Diff MIN": 0.28926205339040345,
    "Duration": "0 H 0 M 0 S 754 MS",
    "End AVG": 0.4548670780881485,
    "End BASE": 28760.843530063077,
    "End MAX": 0.9906128650279286,
    "End MIN": 0.28926205339040345,
    "End Time": "17426704918139972",
    "Start AVG": 0.0,
    "Start BASE": 27917.999999997646,
    "Start MAX": 0.0,
    "Start MIN": 0.0,
    "Start Time": "17426704910594083",
    "Water": 4548.670780881483
}
